[
  {
    "id": 1,
    "image": "https://ik.imagekit.io/8kkupycl4g/Mind-clinic/Best-Psychiatric-Clinic-in-Pune.jpeg?updatedAt=1758013056902",
    "title": "The Gut-Brain Connection: How Diet & Psychobiotics Improve Mental Health – Best Psychiatric Clinic in Pune",
    "slug": "best-psychiatric-clinic-pune",
    "author": "Dr Hamza Hussain",
    "datePublished": "2024-09-16",
    "url": "https://insightmind.in/best-psychiatric-clinic-pune",
    "publisher": {
      "name": "Insight – The Mind Clinic",
      "logo": "https://insightmind.in/logo.png"
    },
    "content": [
      {
        
        "body1": "The link between what we eat and how we feel is no longer a hidden truth. In Pune, where lifestyle-related stress and mental health concerns are rapidly increasing, understanding the gut-brain connection has become essential for holistic wellness. At Insight – The Mind Clinic, we integrate cutting-edge psychiatry with nutritional healing and ancient therapies to offer personalized, side-effect-free solutions."
      },
      {
        "heading": "Understanding the Gut-Brain Axis",
        "body": "Our digestive system and brain are intricately connected through the gut-brain axis, a network that communicates via hormones, neurotransmitters, and the immune system. Emerging research shows that imbalances in gut flora can directly affect anxiety, depression, and cognitive function. A diet rich in fiber, fermented foods, and psychobiotics supports healthy gut bacteria, which in turn produce beneficial compounds like serotonin."
      },
      {
        "heading": "How Psychobiotics Help Improve Mental Health",
        "body": "Psychobiotics are specific strains of probiotics that influence mental well-being by enhancing gut health. Fermented foods like yogurt, kefir, and kimchi have shown promising results in reducing anxiety and depression symptoms. These beneficial bacteria support neurotransmitter production and immune health, regulating stress responses and mood."
      },
      {
        "heading": "Why Diet Matters in Mental Wellness",
        "body": "Nutrients such as omega-3 fatty acids, vitamins B12 and D, magnesium, and amino acids are critical for neurotransmitter synthesis. Deficiencies in these nutrients are often linked with mood disorders and cognitive decline. At Insight – The Mind Clinic, we combine holistic psychiatry with personalized diet plans to address these challenges at their root."
      },
      {
        "heading": "What is the Gut-Brain Axis and Why Should You Care?",
        "body": "The gut-brain axis is the communication pathway between your digestive system and brain. An unhealthy gut can lead to stress, anxiety, and poor mental performance. Improving gut health through diet and psychobiotics can enhance mental clarity, emotional balance, and resilience."
      },
      {
        "heading": "Why Choose Insight – The Mind Clinic?",
        "list": [
          "Credibility & Expertise – Led by gold medalist Dr. Hamza Hussain, we offer advanced, research-backed psychiatric care.",
          "Integrated Psychiatry – A unique blend of medical treatment, therapy, and nutritional healing.",
          "Side-Effect Free Approach – Prioritizing long-term stability with minimal reliance on medications.",
          "Patient-Centered Care – Tailored programs that suit each individual’s lifestyle and goals.",
          "Trusted by Families – With a reputation for holistic healing, we are Pune’s most sought-after psychiatric clinic."
        ]
      },
      {
        "heading": "FAQs",
        "list": [
          "Q: How quickly can diet changes affect my mental health? A: While results vary, many patients notice improvements in mood and digestion within 4 to 8 weeks of following a personalized diet and psychobiotic plan.",
          "Q: Are psychobiotics safe for everyone? A: Yes, but we recommend consulting with a mental health professional before starting supplements, especially for children, elderly patients, or those on medication.",
          "Q: Can nutrition replace psychiatric treatment? A: Nutrition complements, but doesn’t replace, psychiatric care. At Insight – The Mind Clinic, we use it as part of a holistic plan to enhance treatment outcomes.",
          "Q: Do you offer online consultations? A: Yes, Insight – The Mind Clinic provides online consultations for patients across India, ensuring you get expert care from the comfort of your home.",
          "Q: Is this approach suitable for all ages? A:  Absolutely. Our programs are customized to meet the needs of children, adults, and seniors, focusing on safe, sustainable mental wellness."
        ]
      },
      {
  "videoUrl": "https://www.youtube.com/@drhamzahussain6373",
  "clinicName": "Insight –The Mind Clinic",
  "phone": "+91 9390442784",
  "location": "Pune",
  "appointmentUrl": "https://www.insightmindclinic.com/appointment"
}
    ]
  },
   {
    "id": "",
    "image": "https://ik.imagekit.io/8kkupycl4g/Mind-clinic/Anxiety-&-Stress-Management-Clinic-Pune.jpeg?updatedAt=1758101913110",
    "title": "Social Media Anxiety: How Instagram & TikTok Affect Self-Esteem – Anxiety & Stress Management Clinic Pune",
    "slug": "Anxiety-&-Stress-Management-Clinic-Pune",
    "author": "Dr Hamza Hussain",
    "datePublished": "2025-09-20",
    "url": "https://insightmind.in/Anxiety-&-Stress-Management-Clinic-Pune",
    "publisher": {
      "name": "Insight – The Mind Clinic",
      "logo": "https://insightmind.in/logo.png"
    },
    "content": [
      {
        
        "body1": "In today’s fast-paced digital world, social media platforms like Instagram and TikTok are a significant part of daily life, especially among young adults in Pune. However, constant engagement with these platforms can lead to social media anxiety, low self-esteem, and emotional burnout. At Insight – The Mind Clinic, recognized as the leading Anxiety & Stress Management Clinic Pune, we help individuals navigate the pressures of digital life with holistic care. Our approach integrates therapy, nutrition, and lifestyle changes to improve mental health and build resilience in a supportive environment."
      },
      {
        "heading": "The Link Between Social Media and Anxiety",
        "body": "Social media anxiety has become one of the most common issues faced by teenagers and adults alike. Platforms like Instagram and TikTok promote unrealistic expectations, filtered beauty standards, and endless comparison, which can trigger anxiety and stress. Individuals may find themselves obsessively checking likes, followers, or content validation, further weakening their self-esteem.",
        "body": "At Insight – The Mind Clinic, a trusted Anxiety & Stress Management Clinic Pune, we address these challenges through a comprehensive treatment plan. Our experts, led by gold medalist Dr. Hamza Hussain, focus on helping individuals break free from social media dependency while developing healthier thought patterns, coping strategies, and self-care routines that promote mental wellness."
      },
      {
        "heading": "How Instagram & TikTok Influence Self-Esteem",
        "body": "Instagram and TikTok’s algorithm-driven feeds are designed to keep users engaged, often pushing content that highlights perfection, success, and beauty. This can lead to negative comparisons, body image concerns, and feelings of worthlessness. Many people report sleep disturbances, anxiety attacks, and emotional exhaustion after prolonged use of these platforms.",
        "body" : "As a renowned Anxiety & Stress Management Clinic Pune, Insight – The Mind Clinic educates patients about the psychological impact of social media. We guide them through tailored interventions like cognitive behavioral therapy (CBT), mindfulness techniques, and screen-time management, helping them regain control and foster self-compassion in a world dominated by digital validation."
      },
      {
        "heading": "Practical Steps to Overcome Social Media Anxiety",
        "body": "Overcoming social media anxiety requires a combination of awareness, habit changes, and supportive treatment. Reducing screen time, curating content, and practicing self-care are effective methods to shield oneself from anxiety triggers. Nutrition also plays a vital role, as diet influences neurotransmitters that regulate mood and stress responses.",
        "body" :"At Insight – The Mind Clinic, a leading Anxiety & Stress Management Clinic Pune, we offer personalized solutions combining psychiatric care with nutritional healing. Our team creates customized plans to address emotional and physical health, enabling patients to build resilience, regain confidence, and maintain long-term mental well-being."
      },
      {
        "heading": "Why Does Social Media Anxiety Affect Self-Esteem and How Can You Address It?",
        "body" : "Social media anxiety affects self-esteem by making users compare their lives to unrealistic portrayals online. This constant comparison can lead to feelings of inadequacy and stress. At Insight – The Mind Clinic, a specialist Anxiety & Stress Management Clinic Pune, we help patients recognize these patterns, challenge negative thoughts, and develop healthier habits. With expert care, therapy, and nutrition support, patients can rebuild self-confidence and emotional strength."
      },
      {
        "heading":"Don’t Wait to Seek Help",
        "body":"If you experience anxiety, stress, or low self-esteem due to social media, seeking timely help is essential. Insight – The Mind Clinic, the trusted Anxiety & Stress Management Clinic Pune, is here to support you through your journey toward emotional well-being. Our holistic and integrative approach ensures you feel seen, heard, and empowered to take control of your mental health."
      },
      {
        "heading": "Why Choose Insight – The Mind Clinic?",
        "list": [
          "Holistic Approach – We combine therapy, nutrition, and lifestyle management for comprehensive care.",
          "Trusted Expertise – Led by gold medalist Dr. Hamza Hussain, we are a top Anxiety & Stress Management Clinic Pune.",
          "Side Effects Free Treatment – Our care focuses on natural methods that reduce anxiety without heavy medication.",
          "Patient-Centered Care – Customized solutions that cater to individual needs, helping you build lasting mental strength.",
          "Proven Results – Our patients benefit from evidence-based therapies supported by compassionate guidance."
        ]
      },
      {
        "heading": "FAQs",
        "list": [
          "Q: How can social media anxiety be treated? A: Social media anxiety can be treated through therapy, mindfulness practices, screen-time control, and nutritional guidance. At Insight – The Mind Clinic, a leading Anxiety & Stress Management Clinic Pune, we create tailored plans for sustainable recovery.",
          "Q: Can diet improve anxiety symptoms? A: es, proper nutrition influences neurotransmitter production, reducing stress and improving mood. Our expert team at Insight – The Mind Clinic integrates dietary strategies for better mental health.",
          "Q: How long does it take to feel better? A: With consistent therapy, lifestyle changes, and nutritional support, many patients experience improvement within a few weeks. Our Anxiety & Stress Management Clinic Pune team works closely with you to track progress.",
          "Q: Is this approach suitable for teenagers? A: Absolutely. We design age-appropriate interventions to help teenagers manage anxiety, build self-esteem, and create healthy social media habits.",
          "Q: Do you offer online consultations? A:  Yes, Insight – The Mind Clinic provides virtual consultations for patients across India, ensuring access to expert care wherever you are."
        ]
      },
      {
  "videoUrl": "https://www.youtube.com/@drhamzahussain6373",
  "clinicName": "Insight –The Mind Clinic",
  "phone": "+91 9390442784",
  "location": "Pune",
  "appointmentUrl": "https://www.insightmindclinic.com/appointment"
}
    ]
  },
 {
  "id": "",
  "image": "https://ik.imagekit.io/8kkupycl4g/Mind-clinic/Psychotherapy-&-Counseling-Clinic-Pune.jpeg?updatedAt=1758629677432",
  "title": "Workplace Anxiety in Young Professionals: Holistic Solutions Beyond Medication – Psychotherapy & Counseling Clinic Pune",
  "slug": "psychotherapy-counseling-clinic-pune",
  "author": "Dr Hamza Hussain",
  "datePublished": "2025-09-24",
  "url": "https://insightmind.in/Psychotherapy-&-Counseling-Clinic-Pune",
  "publisher": {
    "name": "Insight – The Mind Clinic",
    "logo": "https://insightmind.in/logo.png"
  },
  "content": [
    {
      "body1": "Workplace anxiety is becoming increasingly common among young professionals in Pune. Deadlines, performance pressure, and balancing personal and professional expectations can lead to stress, sleeplessness, and emotional exhaustion. While medication is often prescribed, it’s not always the only or best solution. At Insight – The Mind Clinic, a trusted Psychotherapy & Counseling Clinic Pune, we offer holistic and integrative approaches that address the root causes of anxiety. Our treatments blend psychotherapy, lifestyle coaching, nutritional healing, and mindfulness practices to create lasting well-being without unnecessary side effects."
    },
    {
      "heading": "Understanding Workplace Anxiety",
      "body": "Anxiety at work is not just feeling nervous before a presentation—it’s a deeper, persistent worry that affects concentration, productivity, and personal relationships. Young professionals often feel isolated, overwhelmed, or stuck in a cycle of self-doubt. The fear of failure, inability to switch off from work, and constant comparison with peers further exacerbate these feelings. As Pune’s leading Psychotherapy & Counseling Clinic Pune, Insight – The Mind Clinic specializes in identifying the underlying factors contributing to workplace anxiety. Our therapists and psychiatrists, led by gold medalist Dr. Hamza Hussain, work collaboratively to help individuals build emotional resilience, develop coping strategies, and regain control over their mental health without depending solely on medication."
    },
    {
      "heading": "Why Holistic Care Works Better Than Medication Alone",
      "body": "Medication can be helpful in the short term, but it rarely addresses the root causes of workplace anxiety. Holistic care, on the other hand, combines therapy, nutrition, exercise, and mindfulness to improve mental clarity and emotional strength. At Insight – The Mind Clinic, a premier Psychotherapy & Counseling Clinic Pune, we believe that healing involves more than just suppressing symptoms. Our integrated psychiatry model helps young professionals build healthy routines, regulate stress hormones through diet and exercise, and foster supportive thought patterns through therapy. This comprehensive approach ensures sustainable recovery and better life balance."
    },
    {
      "heading": "Practical Holistic Solutions for Workplace Anxiety",
      "list": [
        "Therapy & Counseling: Cognitive Behavioral Therapy (CBT) helps in reframing negative thoughts, improving problem-solving skills, and enhancing self-confidence.",
        "Mindfulness & Meditation: Guided relaxation techniques and breathing exercises reduce anxiety by promoting calm and focus.",
        "Nutritional Support: A balanced diet rich in vitamins and minerals can regulate mood and stress levels. We offer tailored dietary plans to enhance mental wellness.",
        "Physical Activity: Exercise routines improve sleep, boost energy, and release endorphins that counteract stress hormones.",
        "Lifestyle Adjustments: Setting boundaries, practicing work-life balance, and managing digital distractions are essential in reducing workplace anxiety."
      ],
      "body": "Each treatment plan at Insight – The Mind Clinic, the expert Psychotherapy & Counseling Clinic Pune, is customized to the patient’s needs, ensuring that therapy aligns with individual goals and lifestyles."
    },
    {
      "heading": "How Can Young Professionals Overcome Workplace Anxiety Without Medication?",
      "body": "Workplace anxiety can be overcome by addressing its causes rather than just its symptoms. Through therapy, mindfulness techniques, dietary guidance, and lifestyle adjustments, anxiety can be managed effectively without heavy reliance on medication. At Insight – The Mind Clinic, a leading Psychotherapy & Counseling Clinic Pune, we empower young professionals to build emotional strength, self-awareness, and healthy habits for long-term wellness."
    },
    {
      "heading": "Don’t Wait to Seek Help",
      "body": "Workplace anxiety can silently affect your productivity, relationships, and overall health. If you’re constantly stressed, fatigued, or emotionally drained, don’t wait for the situation to worsen. At Insight – The Mind Clinic, Pune’s trusted Psychotherapy & Counseling Clinic Pune, we provide empathetic and effective care. Take the first step toward a balanced life today—our experts are here to guide you toward holistic, medication-free solutions."
    },
    {
      "heading": "Why Choose Insight – The Mind Clinic?",
      "list": [
        "Holistic Psychiatry & Counseling – We focus on treating anxiety from all angles—mind, body, and lifestyle.",
        "Expert Guidance – Led by gold medalist Dr. Hamza Hussain, we offer specialized care at Pune’s top Psychotherapy & Counseling Clinic Pune.",
        "Side Effect Free – Our treatments emphasize sustainable solutions without unnecessary medication.",
        "Personalized Care – Every plan is tailored to your work stress, lifestyle, and mental health needs.",
        "Proven Success – We help young professionals rebuild confidence and regain emotional balance with structured therapy and support."
      ]
    },
    {
      "heading": "FAQs",
      "list": [
        "Q: Can workplace anxiety be managed without medication? A: Yes, with therapy, mindfulness, nutrition, and lifestyle changes, many individuals effectively manage workplace anxiety. Insight – The Mind Clinic, a leading Psychotherapy & Counseling Clinic Pune, offers personalized holistic care to support this journey.",
        "Q: How long does therapy take to show results? A: Many patients experience improvements within a few weeks of consistent therapy and lifestyle changes. At Insight – The Mind Clinic, we work closely with you to track progress and adjust treatments as needed.",
        "Q: Is this suitable for high-stress professions? A: Absolutely. Our holistic approach is designed for young professionals in demanding roles, helping them manage stress without depending solely on medication.",
        "Q: Can nutrition really help with anxiety? A: Yes, a nutrient-rich diet plays a vital role in regulating hormones and neurotransmitters, helping reduce anxiety symptoms. Our experts at Insight – The Mind Clinic integrate nutrition into the treatment plan.",
        "Q: Do you offer online counseling sessions? A: Yes, Insight – The Mind Clinic, Pune’s trusted Psychotherapy & Counseling Clinic Pune, offers online consultations for individuals seeking guidance from the comfort of their home."
      ]
    },
    {
      "videoUrl": "https://www.youtube.com/@drhamzahussain6373",
      "clinicName": "Insight – The Mind Clinic",
      "phone": "+91 9390442784",
      "location": "Pune",
      "appointmentUrl": "https://www.insightmindclinic.com/appointment"
    }
  ]
  } 
]  